"","value","labl","lga","piped_sewer_system","septic_tank","pit_latrine","open_drain","flushed_elsewhere","ventilated_improved_pit_latrine","pit_latrine_with_slab","open_pit_latrine","composting_toilet","hanging_toilet_latrine","no_facilities"
"1",101,"101. ABA NORTH","Aba North",0,0,0,0,0,0,0,0,0,0,0
"2",102,"102. ABA SOUTH","Aba South",0,28,7,0,0,0,5,0,0,0,0
"3",103,"103. AROCHUKWU","Arochukwu",0,0,0,0,0,0,0,0,0,0,0
"4",104,"104. BENDE","Bende",0,9,0,0,0,0,8,1,0,0,2
"5",105,"105. IKWUANO","Ikwuano",0,4,0,0,0,0,4,1,0,0,0
"6",106,"106. ISIALANGWA NORTH","Isialangwa North",0,0,0,0,0,0,0,0,0,0,0
"7",107,"107. ISIALANGWA SOUTH","Isialangwa South",0,0,1,0,0,0,21,6,0,0,1
"8",108,"108. ISIUKWUATO","Isiukwuato",0,3,0,0,0,0,6,0,0,0,0
"9",109,"109. OBINGWA","Obingwa",0,0,1,1,0,0,21,6,0,0,1
"10",110,"110. OHAFIA","Ohafia",0,0,0,0,0,0,0,0,1,8,1
"11",111,"111. OSISIOMA","Osisioma",0,9,0,0,0,0,10,0,0,0,0
"12",112,"112. UGWUNAGBO","Ugwunagbo",0,9,1,0,0,0,8,2,0,0,0
"13",113,"113. UKWA EAST","Ukwa East",1,6,0,0,0,0,19,4,0,0,0
"14",114,"114. UKWA WEST","Ukwa West",0,0,0,0,0,0,0,0,0,0,0
"15",115,"115. UMUAHIA NORTH","Umuahia North",0,17,0,0,0,0,8,1,0,0,1
"16",116,"116. UMUAHIA SOUTH","Umuahia South",0,0,0,0,0,0,0,0,0,0,0
"17",117,"117. UMUNNEOCHI","Umunneochi",0,8,2,0,0,0,9,1,0,0,0
"18",201,"201. DEMSA","Demsa",0,0,0,0,0,0,0,0,0,0,0
"19",202,"202. FUFORE","Fufore",0,0,0,0,0,0,0,0,0,0,0
"20",203,"203. GANYE","Ganye",0,0,0,0,0,0,5,5,0,0,0
"21",204,"204. GIREI","Girei",0,0,0,0,0,0,8,2,0,0,0
"22",205,"205. GOMBI","Gombi",0,0,0,0,0,0,7,7,0,0,5
"23",206,"206. GUYUK","Guyuk",0,0,0,0,0,0,0,0,0,0,0
"24",207,"207. HONG","Hong",0,0,0,0,0,0,9,9,0,0,1
"25",208,"208. JADA","Jada",0,0,0,0,0,0,3,2,0,0,5
"26",209,"209. LARMURDE","Larmurde",0,0,0,0,0,0,3,4,0,0,11
"27",210,"210. MADAGALI","Madagali",0,0,1,0,0,0,10,3,0,0,5
"28",211,"211. MAIHA","Maiha",0,1,0,0,0,0,17,12,0,0,0
"29",212,"212. MAYO BELWA","Mayo Belwa",0,0,0,0,1,0,5,10,0,0,4
"30",213,"213. MICHIKA","Michika",0,0,2,1,1,0,14,7,0,0,5
"31",214,"214. MUBI NORTH","Mubi North",0,0,0,0,0,0,0,0,0,0,0
"32",215,"215. MUBI SOUTH","Mubi South",0,0,0,0,0,0,4,6,0,0,0
"33",216,"216. NUMAN","Numan",0,0,0,0,0,0,0,0,0,0,0
"34",217,"217. SHELLENG","Shelleng",0,0,0,0,0,0,0,0,0,0,0
"35",218,"218. SONG","Song",0,1,1,0,0,0,7,1,0,0,0
"36",219,"219. TOUNGO","Toungo",0,0,0,0,0,0,7,3,0,0,0
"37",220,"220. YOLA NORTH","Yola North",0,0,7,0,0,0,3,0,0,0,0
"38",221,"221. YOLA SOUTH","Yola South",0,0,4,0,1,0,5,0,0,0,0
"39",301,"301. ABAK","Abak",0,2,3,0,0,0,3,2,0,0,0
"40",302,"302. EASTERN OBOLO","Eastern Obolo",0,0,0,0,0,0,0,0,0,10,0
"41",303,"303. EKET","Eket",0,0,0,0,0,0,0,0,0,0,0
"42",304,"304. ESIT EKET","Esit Eket",1,1,1,0,0,0,11,6,0,0,1
"43",305,"305. ESSIEN UDIM","Essien Udim",1,3,0,0,0,0,13,2,0,0,2
"44",306,"306. ETIM EKPO","Etim Ekpo",0,0,0,0,0,0,0,0,0,0,0
"45",307,"307. ETINAN","Etinan",2,2,0,0,0,0,4,0,0,0,0
"46",308,"308. IBONO","Ibono",2,3,0,0,0,0,2,0,0,0,3
"47",309,"309. IBESIKPO ASUTAN","Ibesikpo Asutan",0,0,0,0,0,1,8,1,0,0,0
"48",310,"310. IBIONO IBOM","Ibiono Ibom",0,0,0,0,0,0,0,0,0,0,0
"49",311,"311. IKA","Ika",0,0,0,0,0,0,0,0,0,0,0
"50",312,"312. IKONO","Ikono",0,0,0,0,0,0,9,1,0,0,0
"51",313,"313. IKOT ABASI","Ikot Abasi",0,0,0,0,0,0,6,1,0,0,1
"52",314,"314. IKOT EKPENE","Ikot Ekpene",0,0,0,0,0,0,0,0,0,0,0
"53",315,"315. INI","Ini",0,0,0,0,0,0,0,0,0,0,0
"54",316,"316. ITU","Itu",2,4,0,0,0,0,13,0,0,0,0
"55",317,"317. MBO","Mbo",0,4,0,0,0,0,4,1,0,0,1
"56",318,"318. MKPAT ENIN","Mkpat Enin",0,2,0,0,0,0,13,4,0,0,0
"57",319,"319. NSIT ATAI","Nsit Atai",0,0,0,0,0,0,0,0,0,0,0
"58",320,"320. NSIT IBOM","Nsit Ibom",0,0,0,0,0,0,7,3,0,0,0
"59",321,"321. NSIT UBIUM","Nsit Ubium",0,0,0,0,0,0,0,0,0,0,0
"60",322,"322. OBOT AKARA","Obot Akara",0,0,0,0,0,0,1,0,0,0,0
"61",323,"323. OKOBO","Okobo",0,2,0,0,0,0,4,3,1,0,0
"62",324,"324. ONNA","Onna",0,0,0,0,0,0,0,0,0,0,0
"63",325,"325. ORON","Oron",0,0,0,0,0,0,0,0,0,0,0
"64",326,"326. ORUK ANAM","Oruk Anam",0,0,0,0,0,0,6,4,0,0,0
"65",327,"327. UDUNG UKOT","Udung Ukot",0,2,1,0,0,0,2,15,0,0,0
"66",328,"328. UKANAFUN","Ukanafun",0,0,0,0,0,0,0,0,0,0,0
"67",329,"329. URUAN","Uruan",1,0,0,0,0,1,5,3,0,0,0
"68",330,"330. URUE OFFONG ORUKO","Urue Offong Oruko",0,0,0,0,0,0,0,0,0,0,0
"69",331,"331. UYO","Uyo",0,2,0,0,0,0,0,0,0,0,0
"70",401,"401. AGUATA","Aguata",0,0,0,0,0,0,0,0,0,0,0
"71",402,"402. ANAMBRA EAST","Anambra East",0,2,2,0,0,1,5,2,0,0,5
"72",403,"403. ANAMBRA WEST","Anambra West",0,0,0,0,0,0,0,0,0,0,0
"73",404,"404. ANIOCHA","Aniocha",0,0,0,0,0,0,0,0,0,0,0
"74",405,"405. AWKA NORTH","Awka North",0,4,1,0,0,0,1,1,0,0,3
"75",406,"406. AWKA SOUTH","Awka South",0,1,0,0,0,0,0,0,0,0,0
"76",407,"407. AYAMELUM","Ayamelum",0,1,1,0,0,0,3,3,0,0,2
"77",408,"408. DUNUKOFIA","Dunukofia",0,5,1,0,0,0,1,2,0,0,1
"78",409,"409. IDEMILI NORTH","Idemili North",0,0,0,0,0,0,0,0,0,0,0
"79",410,"410. IDEMILI SOUTH","Idemili South",0,0,0,0,0,0,0,0,0,0,0
"80",411,"411. IHIALA","Ihiala",0,0,0,0,0,0,0,0,0,0,0
"81",412,"412. EKWUSIGO","Ekwusigo",0,4,2,0,0,0,1,1,0,0,2
"82",413,"413. NJIKOKA","Njikoka",0,0,0,0,0,0,0,0,0,0,0
"83",414,"414. NNEWI NORTH","Nnewi North",0,0,0,0,0,0,0,0,0,0,0
"84",415,"415. NNEWI SOUTH","Nnewi South",0,0,0,0,0,0,0,0,0,0,0
"85",416,"416. OGBARA","Ogbara",0,12,5,0,0,0,0,2,0,0,1
"86",417,"417. ONITSHA NORTH","Onitsha North",0,15,0,0,0,1,1,0,0,0,1
"87",418,"418. ONITSHA SOUTH","Onitsha South",0,0,0,0,0,0,0,0,0,0,0
"88",419,"419. ORUMBA NORTH","Orumba North",0,7,0,0,0,1,1,0,0,0,1
"89",420,"420. ORUMBA SOUTH","Orumba South",1,2,0,0,0,1,1,2,0,0,3
"90",421,"421. OYI","Oyi",0,1,1,0,0,0,2,4,0,0,1
"91",501,"501. ALKALERI","Alkaleri",0,0,0,0,0,0,0,0,0,0,0
"92",502,"502. BAUCHI","Bauchi",5,3,0,0,0,0,10,2,0,0,0
"93",503,"503. BOGORO","Bogoro",0,0,0,0,0,0,7,1,0,0,2
"94",504,"504. DAMBAM","Dambam",0,0,0,0,0,0,2,13,0,0,5
"95",505,"505. DARAZO","Darazo",0,0,0,0,0,0,5,15,0,0,0
"96",506,"506. DASS","Dass",0,0,0,0,0,0,15,4,0,0,1
"97",507,"507. GAMAWA","Gamawa",0,0,0,0,0,0,1,5,0,0,4
"98",508,"508. GIADE","Giade",0,0,0,0,0,0,11,8,0,0,1
"99",509,"509. GUNJUWA","Gunjuwa",0,0,0,0,0,0,5,5,0,0,0
"100",510,"510. ITAS GADAU","Itas Gadau",0,0,0,0,0,0,0,0,0,0,0
"101",511,"511. JAMARE","Jamare",0,0,0,0,0,0,1,9,0,0,0
"102",512,"512. KATAGUM","Katagum",0,0,0,0,0,0,0,0,0,0,0
"103",513,"513. KIRFI","Kirfi",0,0,0,0,0,0,6,0,0,0,4
"104",514,"514. MISAU","Misau",1,1,0,2,0,0,6,0,0,0,0
"105",515,"515. NINGI","Ningi",0,0,0,0,0,0,0,0,0,0,0
"106",516,"516. SHIRA","Shira",0,0,0,0,0,0,9,1,0,0,0
"107",517,"517. TAFAWA BALEWA","Tafawa Balewa",0,0,0,0,0,0,10,0,0,0,0
"108",518,"518. TORO","Toro",0,0,1,0,0,0,25,8,0,0,5
"109",519,"519. WARJI","Warji",0,0,0,0,0,0,0,0,0,0,0
"110",520,"520. ZAKI","Zaki",0,0,1,0,0,0,1,7,0,0,1
"111",601,"601. BRASS","Brass",0,3,0,0,0,0,0,0,0,16,0
"112",602,"602. EKEREMOR","Ekeremor",0,0,0,0,0,0,0,0,0,5,3
"113",603,"603. KOLOKUMA","Kolokuma",0,0,0,0,0,0,0,0,0,0,0
"114",604,"604. NEMBE","Nembe",2,1,0,0,0,0,0,0,0,7,0
"115",605,"605. OGBIA","Ogbia",2,5,0,0,0,0,0,0,0,0,0
"116",606,"606. SAGBAMA","Sagbama",1,1,0,0,0,0,0,0,0,3,5
"117",607,"607. SOUTHERN IJAW","Southern Ijaw",1,4,0,0,0,0,0,0,0,2,0
"118",608,"608. YENEGOA","Yenegoa",1,2,1,0,0,0,0,0,0,1,10
"119",701,"701. ADOR","Ador",0,2,1,0,1,0,1,4,0,0,1
"120",702,"702. AGATU","Agatu",0,0,3,0,0,0,3,2,0,0,2
"121",703,"703. APA","Apa",0,0,0,0,0,0,0,0,0,0,0
"122",704,"704. BURUKU","Buruku",0,0,0,0,0,0,1,1,0,0,8
"123",705,"705. GBOKO","Gboko",0,1,6,0,0,0,1,1,0,0,0
"124",706,"706. GUMA","Guma",0,0,0,0,0,0,0,0,0,0,0
"125",707,"707. GWER","Gwer",0,0,0,0,0,0,0,0,0,0,0
"126",708,"708. GWER WEST","Gwer West",0,0,0,0,0,0,0,1,0,0,8
"127",709,"709. KATSINA ALA","Katsina Ala",0,0,0,0,0,0,0,0,0,0,10
"128",710,"710. KONSHISHA","Konshisha",0,0,0,0,0,0,0,0,0,0,0
"129",711,"711. KWANDE","Kwande",0,0,0,0,0,0,1,0,0,0,7
"130",712,"712. LOGO","Logo",0,0,0,0,0,0,0,0,0,0,0
"131",713,"713. MARKURDI","Markurdi",1,3,9,0,0,0,2,0,0,0,4
"132",714,"714. OBI (BENUE STATE)","Obi (Benue State)",0,0,0,0,0,0,0,0,0,0,0
"133",715,"715. OGBADIBO","Ogbadibo",0,1,1,0,0,0,0,1,0,0,6
"134",716,"716. OHIMINI","Ohimini",0,1,2,0,0,0,1,2,0,0,4
"135",717,"717. OJU","Oju",0,0,2,0,0,0,0,4,0,0,4
"136",718,"718. OKPOKWU","Okpokwu",0,3,9,0,0,0,0,9,0,0,9
"137",719,"719. OTUKPO","Otukpo",0,1,6,0,0,0,1,1,0,0,1
"138",720,"720. TARKA","Tarka",0,0,0,0,0,0,0,0,0,0,0
"139",721,"721. UKUM","Ukum",1,0,0,0,0,0,4,1,0,0,4
"140",722,"722. USHONGO","Ushongo",0,0,0,0,0,0,0,0,0,0,0
"141",723,"723. VANDEIKYA","Vandeikya",0,0,0,0,1,0,2,1,0,0,6
"142",801,"801. ABADAN","Abadan",0,0,0,0,0,0,0,0,0,0,0
"143",802,"802. ASKIRA UBA","Askira Uba",0,0,0,0,0,0,0,0,0,0,0
"144",803,"803. BAMA","Bama",0,0,0,0,0,0,0,0,0,0,0
"145",804,"804. BAYO","Bayo",0,0,0,0,0,0,0,0,0,0,0
"146",805,"805. BIU","Biu",0,0,1,0,0,0,6,1,0,0,0
"147",806,"806. CHIBOK","Chibok",0,0,0,0,0,0,0,0,0,0,0
"148",807,"807. DAMBOA","Damboa",0,0,0,0,0,0,0,0,0,0,0
"149",808,"808. DIKWA","Dikwa",0,0,0,0,0,0,0,0,0,0,0
"150",809,"809. GUBIO","Gubio",0,0,0,0,0,0,0,0,0,0,0
"151",810,"810. GUZAMALA","Guzamala",0,0,0,0,0,0,0,0,0,0,0
"152",811,"811. GWAZO","Gwazo",0,0,0,0,0,0,0,0,0,0,0
"153",812,"812. HAWUL","Hawul",0,0,0,0,0,0,0,0,0,0,0
"154",813,"813. JERE","Jere",0,0,0,0,0,0,0,0,0,0,0
"155",814,"814. KAGA","Kaga",0,0,0,0,0,0,0,0,0,0,0
"156",815,"815. KALABALGE","Kalabalge",0,0,0,0,0,0,0,0,0,0,0
"157",816,"816. KONDUGA","Konduga",0,0,0,0,0,0,0,0,0,0,0
"158",817,"817. KUKAWA","Kukawa",0,0,0,0,0,0,0,0,0,0,0
"159",818,"818. KWAYA KUSAR","Kwaya Kusar",0,0,0,0,0,0,0,0,0,0,0
"160",819,"819. MAFA","Mafa",0,0,0,0,0,0,0,0,0,0,0
"161",820,"820. MAGUMERI","Magumeri",0,0,0,0,0,0,0,0,0,0,0
"162",821,"821. MAIDUGURI","Maiduguri",0,0,1,0,0,0,26,3,0,0,0
"163",822,"822. MARTE","Marte",0,0,0,0,0,0,0,0,0,0,0
"164",823,"823. MOBBAR","Mobbar",0,0,0,0,0,0,0,0,0,0,0
"165",824,"824. MONGUNO","Monguno",0,0,0,0,0,0,0,0,0,0,0
"166",825,"825. NGALA","Ngala",0,0,0,0,0,0,0,0,0,0,0
"167",826,"826. NGANZAI","Nganzai",0,0,0,0,0,0,0,0,0,0,0
"168",827,"827. SHANI","Shani",0,0,0,0,0,0,5,5,0,0,0
"169",901,"901. ABI","Abi",0,2,1,0,0,1,0,0,0,0,4
"170",902,"902. AKAMKPA","Akamkpa",0,0,0,0,0,0,0,0,0,0,0
"171",903,"903. AKPABUYO","Akpabuyo",0,0,0,0,0,0,0,0,0,0,0
"172",904,"904. BAKASSI","Bakassi",0,0,0,0,0,0,0,0,0,0,0
"173",905,"905. BEKWARRA","Bekwarra",0,3,4,0,0,3,0,0,0,0,0
"174",906,"906. BIASE","Biase",0,0,0,0,0,0,0,0,0,0,0
"175",907,"907. BOKI","Boki",0,0,0,0,0,0,0,0,0,0,0
"176",908,"908. CALABAR MUNICIPAL","Calabar Municipal",0,3,2,0,0,0,6,1,0,0,6
"177",909,"909. CALABAR SOUTH","Calabar South",0,5,2,0,0,2,1,0,0,0,0
"178",910,"910. ETUNG","Etung",0,0,0,0,0,1,2,1,0,1,15
"179",911,"911. IKOM","Ikom",0,0,0,0,0,0,0,0,0,0,0
"180",912,"912. OBANLIKU","Obanliku",0,0,0,0,0,0,0,0,0,0,0
"181",913,"913. OBUBRA","Obubra",0,0,0,0,0,0,1,0,0,0,9
"182",914,"914. OBUDU","Obudu",0,0,0,0,0,0,0,0,0,0,0
"183",915,"915. ODUKPANI","Odukpani",0,0,0,0,0,0,3,5,0,0,0
"184",916,"916. OGOJA","Ogoja",0,0,0,0,0,0,0,0,0,0,0
"185",917,"917. YAKURR UGEP NORTH","Yakurr Ugep North",0,4,1,0,0,2,1,0,0,0,2
"186",918,"918. YALA","Yala",0,0,0,0,0,0,4,1,0,0,5
"187",1001,"1001. ANIOCHA NORTH","Aniocha North",0,0,0,0,0,0,0,0,0,0,0
"188",1002,"1002. ANIOCHA SOUTH","Aniocha South",1,5,1,0,0,0,3,0,0,0,0
"189",1003,"1003. BOMADI","Bomadi",0,0,0,0,0,0,0,0,0,0,0
"190",1004,"1004. BURUTU","Burutu",0,0,0,0,0,0,0,0,0,0,0
"191",1005,"1005. ETHIOPE EAST","Ethiope East",0,0,0,0,0,0,0,0,0,0,0
"192",1006,"1006. ETHIOPE WEST","Ethiope West",3,0,0,0,0,0,6,3,0,0,8
"193",1007,"1007. IKA NORTH EAST","Ika North East",3,0,0,0,0,0,1,4,0,0,1
"194",1008,"1008. IKA SOUTH","Ika South",4,0,0,0,0,0,5,1,0,0,0
"195",1009,"1009. ISOKO NORTH","Isoko North",0,0,0,0,0,0,0,0,0,0,0
"196",1010,"1010. ISOKO SOUTH","Isoko South",1,0,0,0,0,0,0,0,0,0,0
"197",1011,"1011. NDOKWA EAST","Ndokwa East",0,0,0,0,0,0,0,0,0,0,0
"198",1012,"1012. NDOKWA WEST","Ndokwa West",16,1,1,0,0,0,1,1,0,0,0
"199",1013,"1013. OKPE","Okpe",8,13,2,0,1,0,3,2,0,0,11
"200",1014,"1014. OSHIMILI NORTH","Oshimili North",0,0,0,0,0,0,0,0,0,0,1
"201",1015,"1015. OSHIMILI SOUTH","Oshimili South",1,0,0,0,0,0,0,0,0,0,0
"202",1016,"1016. PATANI","Patani",0,0,0,0,0,0,0,0,0,0,0
"203",1017,"1017. SAPELE","Sapele",0,0,0,0,0,0,0,0,0,0,0
"204",1018,"1018. UDU","Udu",3,4,0,0,0,0,0,0,0,0,0
"205",1019,"1019. UGHELLI NORTH","Ughelli North",2,0,0,0,0,0,0,0,0,0,0
"206",1020,"1020. UGHELLI SOUTH","Ughelli South",0,0,0,0,0,0,0,0,0,0,0
"207",1021,"1021. UKWUANI","Ukwuani",0,0,0,0,0,0,0,0,0,0,0
"208",1022,"1022. UWIE","Uwie",7,9,3,0,0,0,1,0,0,0,0
"209",1023,"1023. WARRI NORTH","Warri North",1,5,0,0,0,1,0,0,0,0,3
"210",1024,"1024. WARR  SOUTH WEST","Warr South West",0,0,0,0,0,0,0,0,0,0,0
"211",1025,"1025. WARR  SOUTH","Warr South",2,4,0,0,0,0,0,0,0,0,1
"212",1101,"1101. ABAKALIKI","Abakaliki",1,0,0,0,0,0,0,2,0,0,7
"213",1102,"1102. AFIKPO NORTH","Afikpo North",0,0,0,0,0,0,1,5,0,0,2
"214",1103,"1103. AFIKPO SOUTH","Afikpo South",0,0,0,0,0,0,0,0,0,0,0
"215",1104,"1104. EBONYI","Ebonyi",7,3,0,0,0,0,0,11,0,0,19
"216",1105,"1105. EZZA NORTH","Ezza North",0,0,0,0,0,0,0,0,0,0,10
"217",1106,"1106. EZZA SOUTH","Ezza South",0,0,0,0,0,0,0,0,0,0,10
"218",1107,"1107. IKWO","Ikwo",0,0,0,0,0,0,0,0,0,0,0
"219",1108,"1108. ISHIELU","Ishielu",0,0,0,0,0,0,0,0,0,0,0
"220",1109,"1109. IVO","Ivo",1,1,0,0,0,0,1,1,0,0,6
"221",1110,"1110. IZZI","Izzi",0,0,0,0,0,0,0,0,0,0,0
"222",1111,"1111. OHAOZARA","Ohaozara",0,0,0,0,0,0,0,0,0,0,0
"223",1112,"1112. OHAUKWU","Ohaukwu",0,0,0,0,0,0,2,0,0,0,8
"224",1113,"1113. ONICHA","Onicha",0,0,0,0,0,0,0,0,0,0,10
"225",1201,"1201. AKOKO EDO","Akoko Edo",2,1,1,0,0,0,1,0,0,0,5
"226",1202,"1202. EGOR","Egor",1,0,0,0,0,0,0,0,0,0,0
"227",1203,"1203. ESAN NORTH EAST","Esan North East",7,0,0,0,0,0,3,0,0,0,0
"228",1204,"1204. ESAN CENTRAL","Esan Central",0,0,0,0,0,0,0,0,0,0,0
"229",1205,"1205. ESAN SOUTH EAST","Esan South East",0,0,0,0,0,0,0,0,0,0,0
"230",1206,"1206. ESAN WEST","Esan West",0,0,0,0,0,0,0,0,0,0,0
"231",1207,"1207. ETSAKO CENTRAL","Etsako Central",8,1,0,0,0,0,0,0,0,0,1
"232",1208,"1208. ETSAKO EAST","Etsako East",3,0,0,0,0,0,5,1,0,0,21
"233",1209,"1209. ETSAKO WEST","Etsako West",14,1,1,0,0,0,2,0,0,0,3
"234",1210,"1210. IGUGBEN","Igugben",0,0,0,0,0,0,0,0,0,0,0
"235",1211,"1211. IKPOBA OKHA","Ikpoba Okha",2,23,1,0,0,0,3,0,0,0,0
"236",1212,"1212. OREDO","Oredo",0,10,0,0,0,0,0,0,0,0,0
"237",1213,"1213. ORHIONMWON","Orhionmwon",0,0,0,0,0,0,0,0,0,0,0
"238",1214,"1214. OVIA NORTH EAST","Ovia North East",0,0,0,0,0,0,0,0,0,0,5
"239",1215,"1215. OVIA SOUTH WEST","Ovia South West",0,1,0,0,0,0,1,0,0,0,8
"240",1216,"1216. OWAN EAST","Owan East",0,3,3,0,0,0,3,0,0,0,11
"241",1217,"1217. OWAN WEST","Owan West",0,0,0,0,0,0,0,0,0,0,0
"242",1218,"1218. UHUNMUONDE","Uhunmuonde",0,2,3,0,0,0,4,1,0,0,0
"243",1301,"1301. ADO EKITI","Ado Ekiti",0,10,0,0,0,0,0,0,0,0,0
"244",1302,"1302. EFON","Efon",0,0,0,0,0,0,0,0,0,0,0
"245",1303,"1303. EKITI EAST","Ekiti East",0,3,5,0,0,0,3,0,0,0,7
"246",1304,"1304. EKITI SOUTH WEST","Ekiti South West",0,0,0,0,0,0,0,0,0,0,0
"247",1305,"1305. EKITI WEST","Ekiti West",0,0,0,0,0,0,0,0,0,0,0
"248",1306,"1306. EMURE","Emure",0,6,0,0,0,0,0,0,0,0,14
"249",1307,"1307. GBOYIN","Gboyin",0,5,7,0,0,0,0,0,0,0,15
"250",1308,"1308. IDO OSI","Ido Osi",0,0,2,0,0,0,5,0,0,0,3
"251",1309,"1309. IJERO","Ijero",0,0,0,0,0,0,0,0,0,0,9
"252",1310,"1310. IKARE","Ikare",0,6,2,0,0,0,1,0,0,0,1
"253",1311,"1311. IKOLE","Ikole",0,2,3,0,0,0,3,0,0,0,2
"254",1312,"1312. IIEJEMEJE","Iiejemeje",0,1,1,0,0,0,2,0,0,0,6
"255",1313,"1313. IREPODUN IFELOD","Irepodun Ifelod",0,0,0,0,0,0,0,0,0,0,0
"256",1314,"1314. ISEORUN","Iseorun",0,0,0,0,0,0,0,0,0,0,0
"257",1315,"1315. MOBA","Moba",0,0,1,0,0,0,0,0,0,0,8
"258",1316,"1316. OYE","Oye",0,2,2,0,0,0,3,0,0,0,3
"259",1401,"1401. ANINRI","Aninri",3,0,0,0,0,1,9,1,0,0,13
"260",1402,"1402. AWGU","Awgu",1,0,0,0,0,0,3,0,0,0,6
"261",1403,"1403. ENUGU EAST","Enugu East",15,7,1,0,0,0,0,0,0,0,7
"262",1404,"1404. ENUGU NORTH","Enugu North",1,0,0,0,0,0,0,0,0,0,0
"263",1405,"1405. ENUGU SOUTH","Enugu South",3,1,3,0,0,0,1,0,0,0,2
"264",1406,"1406. EZE AGU","Eze Agu",1,0,0,0,0,0,2,0,0,0,15
"265",1407,"1407. IGBO ETITI","Igbo Etiti",0,0,0,0,0,0,0,0,0,0,0
"266",1408,"1408. IGBO EZE NORTH","Igbo Eze North",2,0,0,0,0,0,5,0,0,0,1
"267",1409,"1409. IGBO EZE SOUTH","Igbo Eze South",0,0,0,0,0,0,0,0,0,0,0
"268",1410,"1410. ISI UZO","Isi Uzo",0,2,0,0,0,0,0,0,0,0,6
"269",1411,"1411. NKANU EAST","Nkanu East",0,1,0,0,0,0,2,1,0,0,16
"270",1412,"1412. NKANU WEST","Nkanu West",0,0,0,0,0,0,0,0,0,0,0
"271",1413,"1413. NSUKKA","Nsukka",0,1,0,0,0,0,4,1,0,0,2
"272",1414,"1414. OJI RIVER","Oji River",0,0,0,0,0,0,0,0,0,0,0
"273",1415,"1415. UDENU","Udenu",0,0,0,0,0,0,0,0,0,0,0
"274",1416,"1416. UDI","Udi",0,3,1,0,0,0,2,0,0,0,13
"275",1417,"1417. UZO UWANI","Uzo Uwani",0,0,0,0,0,0,0,0,0,0,10
"276",1501,"1501. AKKO","Akko",1,0,0,0,0,0,0,0,0,0,0
"277",1502,"1502. BALANGA","Balanga",0,0,0,0,0,0,6,0,0,0,4
"278",1503,"1503. BILLIRI","Billiri",1,0,3,0,0,0,19,0,0,0,7
"279",1504,"1504. DUKKU","Dukku",0,0,0,0,0,0,0,0,0,0,0
"280",1505,"1505. FUNA KAYE","Funa Kaye",0,0,0,0,0,0,0,0,0,0,0
"281",1506,"1506. GOMBE","Gombe",3,0,11,0,0,0,29,1,0,0,0
"282",1507,"1507. KALTUNGO","Kaltungo",0,0,0,0,0,0,0,0,0,0,0
"283",1508,"1508. KWAMI","Kwami",0,0,0,0,0,0,3,1,0,0,6
"284",1509,"1509. NAFADA","Nafada",0,0,0,0,0,0,10,0,0,0,0
"285",1510,"1510. SHONGOM","Shongom",0,0,0,0,0,0,3,1,0,0,6
"286",1511,"1511. YAMALTU DEBA","Yamaltu Deba",0,0,0,0,0,0,19,0,0,0,1
"287",1601,"1601. ABOH MBAISE","Aboh Mbaise",3,0,0,0,0,0,7,0,0,0,0
"288",1602,"1602. AHIAZU MBAISE","Ahiazu Mbaise",0,1,0,0,0,0,7,1,0,0,1
"289",1603,"1603. EHIME MBANO","Ehime Mbano",0,0,0,0,0,0,0,0,0,0,0
"290",1604,"1604. EZINIHITTE MAISE","Ezinihitte Maise",0,0,0,0,0,0,0,0,0,0,0
"291",1605,"1605. IDEATO NORTH","Ideato North",0,4,2,0,0,0,3,0,0,0,1
"292",1606,"1606. IDEATO SOUTH","Ideato South",0,0,0,0,0,0,0,0,0,0,0
"293",1607,"1607. IHITTE UBOMA","Ihitte Uboma",2,0,0,0,0,0,8,0,0,0,0
"294",1608,"1608. IKEDURU","Ikeduru",3,1,0,0,0,0,6,0,0,0,0
"295",1609,"1609. ISIALA MBANO","Isiala Mbano",0,0,0,0,0,0,0,0,0,0,0
"296",1610,"1610. ISU","Isu",3,3,1,0,0,0,14,2,0,0,7
"297",1611,"1611. MBAITOLI","Mbaitoli",2,3,0,0,0,0,5,0,0,0,0
"298",1612,"1612. NGOR OKAPA","Ngor Okapa",0,0,0,0,0,0,0,0,0,0,0
"299",1613,"1613. NJABA","Njaba",0,0,2,0,0,0,6,1,0,0,1
"300",1614,"1614. NWERRE","Nwerre",0,0,0,0,0,0,0,0,0,0,0
"301",1615,"1615. NWANGELE","Nwangele",2,4,0,0,0,0,4,0,0,0,0
"302",1616,"1616. OBOWO","Obowo",2,2,1,0,0,0,5,0,0,0,0
"303",1617,"1617. OGUTA","Oguta",0,0,0,0,0,0,0,0,0,0,0
"304",1618,"1618. OHAJI EGBEMA","Ohaji Egbema",0,0,0,0,0,0,0,0,0,0,0
"305",1619,"1619. OKIGWE","Okigwe",0,0,0,0,0,0,0,0,0,0,0
"306",1620,"1620. ORLU","Orlu",0,1,0,0,0,0,0,0,0,0,0
"307",1621,"1621. ORSU","Orsu",0,0,0,0,0,0,0,0,0,0,0
"308",1622,"1622. ORU EAST","Oru East",0,7,1,0,0,0,8,1,0,0,3
"309",1623,"1623. ORU WEST","Oru West",0,0,0,0,0,0,0,0,0,0,0
"310",1624,"1624. OWERRI MUNICIPAL","Owerri Municipal",0,0,0,0,0,0,0,0,0,0,0
"311",1625,"1625. OWERRI NORTH","Owerri North",6,3,1,0,0,0,0,0,0,0,0
"312",1626,"1626. OWERRI WEST","Owerri West",4,5,0,0,0,0,0,0,0,0,0
"313",1627,"1627. ONUIMO","Onuimo",0,2,1,0,0,0,3,1,0,0,3
"314",1701,"1701. AUYO","Auyo",0,0,0,0,0,0,5,5,0,0,0
"315",1702,"1702. BABURA","Babura",0,0,0,0,0,0,0,0,0,0,0
"316",1703,"1703. BIRNIN KUDU","Birnin Kudu",0,0,0,0,0,0,0,0,0,0,0
"317",1704,"1704. BIRINWA","Birinwa",0,0,0,0,0,0,0,0,0,0,0
"318",1705,"1705. BUJI","Buji",0,0,0,0,0,0,0,0,0,0,0
"319",1706,"1706. DUTSE","Dutse",0,0,0,0,0,0,0,0,0,0,0
"320",1707,"1707. GAGARAWA","Gagarawa",0,0,1,0,0,0,7,1,0,0,1
"321",1708,"1708. GARKI","Garki",0,0,0,0,0,0,0,0,0,0,0
"322",1709,"1709. GUMEL","Gumel",0,0,0,0,0,0,0,0,0,0,0
"323",1710,"1710. GURI","Guri",0,0,0,0,0,0,0,0,0,0,0
"324",1711,"1711. GWARAM","Gwaram",0,0,0,0,0,0,0,0,0,0,0
"325",1712,"1712. GWIWA","Gwiwa",0,0,0,0,0,0,0,1,0,0,9
"326",1713,"1713. JADEJIA","Jadejia",0,0,0,0,0,0,0,0,0,0,0
"327",1714,"1714. JAHUN","Jahun",0,0,0,0,0,0,0,0,0,0,0
"328",1715,"1715. KAHIN HAUSA","Kahin Hausa",0,0,0,0,0,1,5,2,0,0,3
"329",1716,"1716. KAUGAMA","Kaugama",0,0,1,0,0,0,4,4,0,0,10
"330",1717,"1717. KAZAURE","Kazaure",0,0,0,0,0,0,0,3,0,0,7
"331",1718,"1718. KIRIKASAMMA","Kirikasamma",0,0,0,0,0,0,0,0,0,0,0
"332",1719,"1719. KIYAWA","Kiyawa",0,0,0,0,0,0,0,0,0,0,0
"333",1720,"1720. MAIGATARI","Maigatari",0,0,0,0,0,0,0,0,0,0,0
"334",1721,"1721. MALAM MADORI","Malam Madori",1,2,1,0,0,1,5,0,0,0,0
"335",1722,"1722. MIGA","Miga",0,0,0,0,0,0,1,5,0,0,4
"336",1723,"1723. RIGIM","Rigim",1,3,2,0,0,1,1,2,0,0,0
"337",1724,"1724. RONI","Roni",0,0,0,0,0,0,0,0,0,0,0
"338",1725,"1725. SULE TANKAR KAR","Sule Tankar Kar",0,0,0,0,0,0,1,4,1,0,4
"339",1726,"1726. TAURA","Taura",0,0,0,0,0,0,0,0,0,0,0
"340",1727,"1727. YAN KWASHI","Yan Kwashi",0,0,0,0,0,0,0,0,0,0,0
"341",1801,"1801. BIRININ GWARI","Birinin Gwari",0,0,0,0,0,0,0,0,0,0,0
"342",1802,"1802. CHIKUN","Chikun",8,1,7,0,0,0,5,0,0,0,9
"343",1803,"1803. GIWA","Giwa",0,0,0,0,0,0,3,7,0,0,0
"344",1804,"1804. IGABI","Igabi",1,0,3,0,0,0,4,0,0,0,0
"345",1805,"1805. IKARA","Ikara",0,0,1,0,0,0,5,11,0,0,3
"346",1806,"1806. JABA","Jaba",0,0,0,0,0,0,0,0,0,0,0
"347",1807,"1807. JEMA A","Jema A",0,0,0,0,0,0,8,0,0,0,2
"348",1808,"1808. KACHIA","Kachia",0,0,0,0,0,0,0,0,0,0,0
"349",1809,"1809. KADUNA NORTH","Kaduna North",8,1,5,0,1,0,3,1,0,0,1
"350",1810,"1810. KADUNA SOUTH","Kaduna South",4,0,2,1,0,0,2,1,0,0,0
"351",1811,"1811. KAGARKO","Kagarko",0,0,0,0,0,0,0,0,0,0,0
"352",1812,"1812. KAJURU","Kajuru",0,0,0,0,0,0,2,0,0,0,8
"353",1813,"1813. KAURU","Kauru",0,0,0,0,0,0,3,7,0,0,0
"354",1814,"1814. KAURA","Kaura",0,0,0,0,0,0,0,0,0,0,0
"355",1815,"1815. KUBAU","Kubau",0,0,0,0,0,0,0,0,0,0,0
"356",1816,"1816. KUDAN","Kudan",0,0,1,0,0,0,5,3,0,0,0
"357",1817,"1817. LERE","Lere",4,0,3,0,0,1,4,7,0,0,10
"358",1818,"1818. MAKARFI","Makarfi",0,0,0,0,0,0,1,8,0,0,1
"359",1819,"1819. SABON GARI","Sabon Gari",0,0,3,0,0,0,5,2,0,0,0
"360",1820,"1820. SANGA","Sanga",0,0,0,0,0,0,0,0,0,0,10
"361",1821,"1821. SOBA","Soba",0,0,0,0,0,0,2,8,0,0,0
"362",1822,"1822. ZONGON KATAF","Zongon Kataf",6,0,3,0,0,0,1,0,0,0,0
"363",1823,"1823. ZARIA","Zaria",0,0,0,0,0,0,0,0,0,0,0
"364",1901,"1901. AJINGI","Ajingi",0,0,0,0,0,0,0,0,0,0,0
"365",1902,"1902. ALBASU","Albasu",0,0,0,0,0,0,0,0,0,0,0
"366",1903,"1903. BAGWAI","Bagwai",0,0,0,0,0,0,0,0,0,0,0
"367",1904,"1904. BEBEJI","Bebeji",0,0,0,0,0,0,0,0,0,0,0
"368",1905,"1905. BICHI","Bichi",0,0,0,0,0,0,0,0,0,0,0
"369",1906,"1906. BUNKURE","Bunkure",0,0,0,0,0,0,0,0,0,0,0
"370",1907,"1907. DALA","Dala",0,0,0,0,0,0,0,0,0,0,0
"371",1908,"1908. DAMBATTA","Dambatta",0,0,0,0,0,0,0,0,0,0,0
"372",1909,"1909. DAWAKIN KUDU","Dawakin Kudu",0,0,3,0,0,0,4,3,0,0,0
"373",1910,"1910. DAWAKIN TOFA","Dawakin Tofa",0,0,2,0,0,0,7,1,0,0,0
"374",1911,"1911. DOGUWA","Doguwa",0,0,0,0,0,0,0,0,0,0,0
"375",1912,"1912. FAGGE","Fagge",0,1,2,0,0,0,6,0,0,0,0
"376",1913,"1913. GABASAWA","Gabasawa",0,0,0,0,0,0,0,0,0,0,0
"377",1914,"1914. GARKO","Garko",0,0,2,0,0,0,2,6,0,0,0
"378",1915,"1915. GARUN MALAM","Garun Malam",0,0,0,0,0,0,0,0,0,0,0
"379",1916,"1916. GAYA","Gaya",0,0,0,0,0,0,0,0,0,0,0
"380",1917,"1917. GEZAWA","Gezawa",0,0,0,0,0,0,0,0,0,0,0
"381",1918,"1918. GWALE","Gwale",0,0,1,0,0,0,0,0,0,0,0
"382",1919,"1919. GWARZO","Gwarzo",0,1,6,0,0,0,8,5,0,0,0
"383",1920,"1920. KABO","Kabo",0,0,0,0,0,0,0,0,0,0,0
"384",1921,"1921. KANO MUNICIPAL","Kano Municipal",1,0,2,0,0,0,4,0,0,0,0
"385",1922,"1922. KARAYE","Karaye",0,0,0,0,0,0,0,0,0,0,0
"386",1923,"1923. KIBIYA","Kibiya",0,0,1,0,0,0,8,0,0,0,0
"387",1924,"1924. KIRU","Kiru",0,0,3,0,0,0,5,2,0,0,0
"388",1925,"1925. KUMBOTSO","Kumbotso",0,0,1,0,0,0,1,0,0,0,0
"389",1926,"1926. KUNCHI","Kunchi",0,0,0,0,0,0,0,0,0,0,0
"390",1927,"1927. KURA","Kura",0,2,2,0,0,0,4,2,0,0,0
"391",1928,"1928. MADOBI","Madobi",0,2,2,0,0,0,3,3,0,0,0
"392",1929,"1929. MAKODA","Makoda",0,1,2,0,0,0,2,5,0,0,0
"393",1930,"1930. MINJIBIR","Minjibir",0,0,0,0,0,0,0,0,0,0,0
"394",1931,"1931. NASARAWA (KANO STATE)","Nasarawa (Kano State)",0,0,0,0,0,0,0,0,0,0,0
"395",1932,"1932. RANO","Rano",0,0,0,0,0,0,0,0,0,0,0
"396",1933,"1933. RIMIN GADO","Rimin Gado",0,1,3,0,0,0,6,0,0,0,0
"397",1934,"1934. ROGO","Rogo",0,0,0,0,0,0,0,0,0,0,0
"398",1935,"1935. SHANONO","Shanono",0,0,0,0,0,0,0,0,0,0,0
"399",1936,"1936. SUMAILA","Sumaila",0,0,0,0,0,0,0,0,0,0,0
"400",1937,"1937. TAKAI","Takai",0,0,0,0,0,0,0,0,0,0,0
"401",1938,"1938. TARAUNI","Tarauni",0,0,0,0,0,0,0,0,0,0,0
"402",1939,"1939. TOFA","Tofa",0,0,0,0,0,0,0,0,0,0,0
"403",1940,"1940. TSANYAWA","Tsanyawa",0,3,2,0,0,0,4,1,0,0,0
"404",1941,"1941. TUDUN WADA","Tudun Wada",0,0,2,0,0,0,1,7,0,0,0
"405",1942,"1942. UNGOGO","Ungogo",0,0,0,0,0,0,0,0,0,0,0
"406",1943,"1943. WARAWA","Warawa",0,0,0,0,0,0,0,0,0,0,0
"407",1944,"1944. WUDIL","Wudil",0,0,0,0,0,0,0,0,0,0,0
"408",2001,"2001. BAKORI","Bakori",0,0,0,0,0,0,0,0,0,0,0
"409",2002,"2002. BATAGARAWA","Batagarawa",0,0,0,0,0,0,0,0,0,0,0
"410",2003,"2003. BATSARI","Batsari",0,0,4,0,0,0,3,3,0,0,0
"411",2004,"2004. BAURE","Baure",0,0,0,0,0,0,0,0,0,0,0
"412",2005,"2005. BINDAWA","Bindawa",0,0,0,0,0,0,0,0,0,0,0
"413",2006,"2006. CHARANCHI","Charanchi",0,0,0,0,0,0,0,0,0,0,0
"414",2007,"2007. DAN MUSA","Dan Musa",0,0,0,0,0,0,0,0,0,0,0
"415",2008,"2008. DANDUME","Dandume",0,0,0,0,0,0,0,0,0,0,0
"416",2009,"2009. DANJA","Danja",0,0,4,0,0,0,3,3,0,0,0
"417",2010,"2010. DAURA","Daura",0,0,1,0,0,1,6,0,0,0,2
"418",2011,"2011. DUTSI","Dutsi",0,0,0,0,0,0,0,0,0,0,0
"419",2012,"2012. DUTSI MA","Dutsi Ma",3,1,3,0,0,0,3,0,0,0,0
"420",2013,"2013. FASKARI","Faskari",0,0,0,0,0,0,0,0,0,0,0
"421",2014,"2014. FUNTUA","Funtua",0,0,0,0,0,0,0,0,0,0,0
"422",2015,"2015. INGAWA","Ingawa",0,0,0,0,0,0,0,0,0,0,8
"423",2016,"2016. JIBIA","Jibia",2,0,1,0,0,0,13,3,0,0,1
"424",2017,"2017. KAFUR","Kafur",0,0,0,0,0,0,0,0,0,0,0
"425",2018,"2018. KAITA","Kaita",0,0,0,0,0,0,1,1,0,0,5
"426",2019,"2019. KANKARA","Kankara",0,0,0,0,0,0,0,0,0,0,0
"427",2020,"2020. KANKIA","Kankia",0,0,0,0,0,0,0,0,0,0,0
"428",2021,"2021. KATSINA","Katsina",0,0,1,1,0,0,14,5,0,0,0
"429",2022,"2022. KURFI","Kurfi",0,0,0,0,0,0,0,0,0,0,0
"430",2023,"2023. KUSADA","Kusada",0,0,0,0,0,0,0,0,0,0,0
"431",2024,"2024. MAI ADUA","Mai Adua",0,0,0,0,0,0,0,0,0,0,0
"432",2025,"2025. MALUNFASHI","Malunfashi",0,0,10,0,0,1,5,4,0,0,0
"433",2026,"2026. MANI","Mani",0,0,1,0,0,1,3,5,0,0,0
"434",2027,"2027. MASHI","Mashi",0,0,0,0,0,0,0,0,0,0,0
"435",2028,"2028. MATAZU","Matazu",0,0,3,0,0,0,3,1,0,0,0
"436",2029,"2029. MUSAWA","Musawa",0,0,0,0,0,0,0,0,0,0,0
"437",2030,"2030. RIMI","Rimi",0,0,0,0,0,0,0,0,0,0,0
"438",2031,"2031. SABUWA","Sabuwa",0,0,0,0,0,0,0,0,0,0,0
"439",2032,"2032. SAFANA","Safana",0,0,3,0,0,0,6,1,0,0,0
"440",2033,"2033. SANDAMU","Sandamu",0,0,0,0,0,0,0,0,0,0,0
"441",2034,"2034. ZANGO","Zango",0,0,1,1,0,0,4,0,0,0,4
"442",2101,"2101. ALIERO","Aliero",1,0,0,0,0,0,3,6,0,0,0
"443",2102,"2102. AREWA","Arewa",0,0,0,0,0,0,0,0,0,0,0
"444",2103,"2103. ARGUNGUN","Argungun",0,0,0,0,0,0,0,0,0,0,0
"445",2104,"2104. AUGIE","Augie",0,0,0,0,0,0,0,0,0,0,0
"446",2105,"2105. BAGUDO","Bagudo",0,0,0,0,0,0,0,1,0,0,9
"447",2106,"2106. BIRININ KEBBI","Birinin Kebbi",4,2,0,0,0,0,1,3,0,0,0
"448",2107,"2107. BUNZA","Bunza",0,0,0,0,0,0,0,0,0,0,0
"449",2108,"2108. DANDI","Dandi",0,0,0,0,0,0,0,0,0,0,0
"450",2109,"2109. DANKO WASAGU","Danko Wasagu",0,0,0,0,0,0,0,0,0,0,0
"451",2110,"2110. FAKAI","Fakai",0,0,0,0,0,0,0,0,0,0,0
"452",2111,"2111. GWANDU","Gwandu",1,0,0,0,0,0,0,9,0,0,0
"453",2112,"2112. JEGA","Jega",0,0,0,0,0,0,1,8,0,0,1
"454",2113,"2113. KALGO","Kalgo",0,0,0,0,0,0,0,0,0,0,0
"455",2114,"2114. KOKO BESSE","Koko Besse",0,0,0,0,0,0,0,0,0,0,0
"456",2115,"2115. MAIYAMA","Maiyama",0,0,0,0,0,0,0,3,0,0,15
"457",2116,"2116. NGASKI","Ngaski",0,0,0,0,0,0,0,0,0,0,0
"458",2117,"2117. SAKABA","Sakaba",0,0,0,0,0,0,0,0,0,0,0
"459",2118,"2118. SHANGA","Shanga",0,0,0,0,0,0,0,0,0,0,0
"460",2119,"2119. SURU","Suru",0,0,0,0,0,0,0,4,0,0,16
"461",2120,"2120. YAURI","Yauri",0,0,0,0,0,0,0,0,0,0,0
"462",2121,"2121. ZURU","Zuru",0,0,0,0,0,0,0,0,0,0,0
"463",2201,"2201. ADAVI","Adavi",0,0,0,0,0,0,0,0,0,0,1
"464",2202,"2202. AJAOKUTA","Ajaokuta",0,0,0,0,0,0,0,0,0,0,0
"465",2203,"2203. ANKPA","Ankpa",0,0,0,0,0,0,1,2,0,0,17
"466",2204,"2204. BASSA (KOGI STATE)","Bassa (Kogi State)",0,0,0,0,0,0,0,0,0,0,0
"467",2205,"2205. DEKINA","Dekina",0,0,0,0,0,0,0,0,0,0,0
"468",2206,"2206. IBAJI","Ibaji",0,0,0,0,0,0,0,0,0,0,0
"469",2207,"2207. IDAH","Idah",0,0,0,0,0,0,0,0,0,0,0
"470",2208,"2208. IGALAMELA","Igalamela",0,0,0,0,0,0,0,0,0,0,20
"471",2209,"2209. IJUMU","Ijumu",0,0,0,0,0,0,0,0,0,0,0
"472",2210,"2210. KABBA BUNU","Kabba Bunu",0,0,0,0,0,0,0,0,0,0,0
"473",2211,"2211. KOGI","Kogi",0,1,0,0,0,0,0,0,0,0,9
"474",2212,"2212. LOKOJA","Lokoja",0,0,0,0,0,0,0,0,0,0,0
"475",2213,"2213. MAPO MURO","Mapo Muro",0,3,1,0,0,0,4,0,0,0,2
"476",2214,"2214. OFU","Ofu",0,0,0,0,0,0,0,0,0,0,0
"477",2215,"2215. OGORI MAGONGO","Ogori Magongo",0,0,0,0,0,0,0,0,0,0,0
"478",2216,"2216. OKEHI","Okehi",2,0,4,0,0,0,2,0,0,0,20
"479",2217,"2217. OKENE","Okene",0,0,0,0,0,0,0,0,0,0,0
"480",2218,"2218. OLAMA BORO","Olama Boro",0,0,0,0,0,0,0,0,0,0,0
"481",2219,"2219. OMALA","Omala",0,0,0,0,0,0,0,0,0,0,0
"482",2220,"2220. YAGBA EAST","Yagba East",0,3,0,0,0,0,0,0,0,0,7
"483",2221,"2221. YAGBA WEST","Yagba West",0,0,0,0,0,0,0,0,0,0,0
"484",2301,"2301. ASA","Asa",0,0,0,0,0,0,0,0,0,0,0
"485",2302,"2302. BARUTEN","Baruten",0,0,0,0,0,0,0,0,0,0,6
"486",2303,"2303. EDU","Edu",0,0,0,0,0,0,0,0,0,0,20
"487",2304,"2304. EKITI","Ekiti",0,5,2,0,0,0,2,0,0,0,9
"488",2305,"2305. IFELODUN (KWARA)","Ifelodun (Kwara)",0,1,0,0,0,0,0,0,0,0,9
"489",2306,"2306. ILORIN EAST","Ilorin East",0,0,0,0,0,0,0,0,0,0,10
"490",2307,"2307. ILORIN SOUTH","Ilorin South",0,2,5,0,0,0,1,1,0,0,0
"491",2308,"2308. ILORIN WEST","Ilorin West",0,3,3,0,0,0,10,0,0,0,4
"492",2309,"2309. IRESPODUN","Irespodun",0,3,5,0,0,0,6,5,0,0,11
"493",2310,"2310. ISIN","Isin",0,3,0,0,0,0,7,3,0,0,7
"494",2311,"2311. KAIMA","Kaima",0,2,0,0,0,0,0,0,0,0,16
"495",2312,"2312. MORO","Moro",0,0,0,0,0,0,0,0,0,0,0
"496",2313,"2313. OFFA","Offa",0,2,6,0,0,0,1,1,0,0,0
"497",2314,"2314. OKE ERO","Oke Ero",0,4,0,0,0,0,3,0,0,0,3
"498",2315,"2315. OYUN","Oyun",0,0,0,0,0,0,0,0,0,0,0
"499",2316,"2316. PATIGI","Patigi",0,0,0,0,0,0,0,0,0,0,20
"500",2401,"2401. AGEGE","Agege",3,17,3,0,0,0,5,1,0,0,1
"501",2402,"2402. AJEROMI IFELODU","Ajeromi Ifelodu",0,1,0,0,0,0,0,0,0,0,0
"502",2403,"2403. ALIMOSHO","Alimosho",6,12,0,0,0,0,0,0,0,0,0
"503",2404,"2404. AMUWO ODOFIN","Amuwo Odofin",0,9,1,0,0,0,0,0,0,0,0
"504",2405,"2405. APAPA","Apapa",21,7,4,0,0,0,2,1,0,0,1
"505",2406,"2406. BADAGRY","Badagry",0,0,0,0,0,0,0,1,0,0,0
"506",2407,"2407. EPE","Epe",0,0,0,0,0,0,0,0,0,0,0
"507",2408,"2408. ETI OSA","Eti Osa",0,0,0,0,0,0,0,0,0,0,0
"508",2409,"2409. IBEJU LEKKI","Ibeju Lekki",0,0,0,0,0,0,0,0,0,0,0
"509",2410,"2410. IFAKO IJAIYE","Ifako Ijaiye",3,7,0,0,0,0,0,0,0,0,0
"510",2411,"2411. IKEJA","Ikeja",0,0,0,0,0,0,0,0,0,0,0
"511",2412,"2412. IKORODU","Ikorodu",0,0,0,0,0,0,0,0,0,0,0
"512",2413,"2413. KOSOFE","Kosofe",2,4,0,0,0,0,0,0,0,0,0
"513",2414,"2414. LAGOS ISLAND","Lagos Island",0,0,0,0,0,0,0,0,0,0,0
"514",2415,"2415. LAGOS MAINLAN","Lagos Mainlan",5,3,1,0,0,0,0,1,0,0,0
"515",2416,"2416. MUSHIN","Mushin",19,1,0,0,0,0,0,0,0,0,0
"516",2417,"2417. OJO","Ojo",0,0,0,0,0,0,0,0,0,0,0
"517",2418,"2418. OSHODI","Oshodi",11,22,1,0,0,0,0,2,0,0,0
"518",2419,"2419. SHOMOLU","Shomolu",3,9,1,1,0,0,3,1,0,0,0
"519",2420,"2420. SURULERE (LAGOS)","Surulere (Lagos)",24,3,2,0,0,0,1,1,0,0,0
"520",2501,"2501. AKWANGA","Akwanga",0,0,0,0,0,0,0,0,0,0,0
"521",2502,"2502. AWE","Awe",0,0,0,0,0,0,0,0,0,0,0
"522",2503,"2503. DOMA","Doma",0,4,1,0,0,0,2,2,0,0,2
"523",2504,"2504. KARU","Karu",0,6,1,0,0,0,3,0,0,0,2
"524",2505,"2505. KEANA","Keana",0,0,0,0,0,0,0,0,0,0,0
"525",2506,"2506. KEFFI","Keffi",0,0,0,0,0,0,0,0,0,0,0
"526",2507,"2507. KOKONA","Kokona",0,0,0,0,0,0,0,0,0,0,0
"527",2508,"2508. LAFIA","Lafia",0,0,0,0,0,0,0,0,0,0,0
"528",2509,"2509. NASARAWA (NASARAWA STATE)","Nasarawa (Nasarawa State)",0,0,0,0,0,0,0,0,0,0,0
"529",2510,"2510. NASARAWA EGON","Nasarawa Egon",0,0,0,0,0,0,0,0,0,0,0
"530",2511,"2511. OBI (NASARAWA STATE)","Obi (Nasarawa State)",0,0,0,0,0,0,0,0,0,0,0
"531",2512,"2512. TOTO","Toto",0,0,0,0,0,0,0,0,0,0,0
"532",2513,"2513. WAMBA","Wamba",0,0,0,0,0,0,0,0,0,0,0
"533",2601,"2601. AGAIE","Agaie",0,0,0,0,0,0,0,0,0,0,0
"534",2602,"2602. AGWARA","Agwara",0,0,0,0,0,0,3,0,0,0,7
"535",2603,"2603. BIDA","Bida",6,1,3,0,0,0,7,3,0,0,0
"536",2604,"2604. BORGU","Borgu",0,0,0,0,0,0,2,0,0,0,8
"537",2605,"2605. BOSSO","Bosso",0,0,0,0,0,0,0,0,0,0,0
"538",2606,"2606. CHANCHAGA","Chanchaga",0,0,0,0,0,0,1,0,0,0,0
"539",2607,"2607. EDATI","Edati",0,0,0,0,0,0,0,0,0,0,0
"540",2608,"2608. GBAKO","Gbako",2,1,1,0,0,0,2,0,0,0,4
"541",2609,"2609. GURARA","Gurara",0,1,3,0,0,0,4,0,0,0,2
"542",2610,"2610. KATCHA","Katcha",0,0,0,0,0,0,0,0,0,0,0
"543",2611,"2611. KONTAGORA","Kontagora",1,0,0,0,0,0,2,1,0,0,6
"544",2612,"2612. LAPAI","Lapai",0,0,0,0,0,0,0,0,0,0,0
"545",2613,"2613. LAVUN","Lavun",1,1,0,0,0,0,1,0,0,0,7
"546",2614,"2614. MAGAMA","Magama",0,0,0,0,0,0,0,0,0,0,0
"547",2615,"2615. MARIGA","Mariga",2,1,0,0,0,0,3,1,0,0,13
"548",2616,"2616. MASHEGU","Mashegu",0,0,0,0,0,0,1,0,0,0,19
"549",2617,"2617. MOKWA","Mokwa",0,0,0,0,0,0,0,0,0,0,0
"550",2618,"2618. MUNYA","Munya",0,0,0,0,0,0,0,0,0,0,0
"551",2619,"2619. PAIKORO","Paikoro",0,0,0,0,0,0,0,0,0,0,0
"552",2620,"2620. RAFI","Rafi",1,1,0,0,0,0,4,0,0,0,4
"553",2621,"2621. RIJAV","Rijav",0,0,0,0,0,0,0,0,0,0,0
"554",2622,"2622. SHIRORO","Shiroro",0,0,0,0,0,0,0,0,0,0,0
"555",2623,"2623. SULEJA","Suleja",0,0,0,0,0,0,0,0,0,0,0
"556",2624,"2624. TAFA","Tafa",2,1,0,0,0,0,5,1,0,0,1
"557",2625,"2625. WUSHISHI","Wushishi",0,0,0,0,0,0,0,0,0,0,0
"558",2701,"2701. ABEOKUTA NORTH","Abeokuta North",0,6,2,0,0,0,1,0,0,0,1
"559",2702,"2702. ABEOKUTA SOUTH","Abeokuta South",0,0,0,0,0,0,0,0,0,0,0
"560",2703,"2703. ADOODO OTA","Adoodo Ota",0,12,2,0,0,1,3,0,0,0,1
"561",2704,"2704. YEWA NORTH","Yewa North",0,0,0,0,0,0,0,0,0,0,0
"562",2705,"2705. YEWA SOUTH","Yewa South",0,0,0,0,0,0,2,0,0,0,9
"563",2706,"2706. EWEKORO","Ewekoro",0,1,1,0,0,0,0,0,0,0,8
"564",2707,"2707. IFO","Ifo",0,1,0,0,0,0,0,0,0,0,0
"565",2708,"2708. IJEBU EAST","Ijebu East",0,0,0,0,0,0,0,0,0,0,0
"566",2709,"2709. IJEBU NORTH","Ijebu North",0,0,0,0,0,0,0,0,0,0,0
"567",2710,"2710. IJEBU NORTH EAST","Ijebu North East",0,0,0,0,0,0,0,0,0,0,0
"568",2711,"2711. IJEBU ODE","Ijebu Ode",0,5,3,0,0,0,2,0,0,0,8
"569",2712,"2712. IKENNE","Ikenne",0,4,5,0,0,1,14,0,0,0,1
"570",2713,"2713. IMEKO AFON","Imeko Afon",0,0,0,0,0,0,0,0,0,0,0
"571",2714,"2714. IPOKIA","Ipokia",0,0,0,0,0,0,1,0,0,0,0
"572",2715,"2715. OBAFEMI OWE","Obafemi Owe",0,2,0,0,0,0,2,0,0,0,14
"573",2716,"2716. ODEDA","Odeda",0,0,0,0,0,0,1,0,0,0,9
"574",2717,"2717. ODOGBOLU","Odogbolu",0,0,0,0,0,0,0,0,0,0,0
"575",2718,"2718. OGUN  WATERSIDE","Ogun Waterside",0,0,0,0,0,0,0,0,0,0,0
"576",2719,"2719. REMO NORTH","Remo North",0,0,0,0,0,0,0,0,0,0,0
"577",2720,"2720. SHAGAMU","Shagamu",0,8,7,0,0,0,5,0,0,0,0
"578",2801,"2801. AKOKO NORTH EAST","Akoko North East",2,0,0,0,0,0,3,0,0,0,5
"579",2802,"2802. AKOKO NORTH WEST","Akoko North West",0,0,0,0,0,0,0,0,0,0,0
"580",2803,"2803. AKOKO SOUTH EAST","Akoko South East",0,0,0,0,0,0,0,0,0,0,0
"581",2804,"2804. AKOKO SOUTH WEST","Akoko South West",0,2,0,0,0,0,1,0,0,0,0
"582",2805,"2805. AKURE NORTH","Akure North",0,1,3,0,0,0,1,0,0,0,5
"583",2806,"2806. AKURE SOUTH","Akure South",0,2,0,0,0,0,0,0,0,0,0
"584",2807,"2807. ESE ODO","Ese Odo",0,0,0,0,0,0,0,0,0,0,0
"585",2808,"2808. IDANRE","Idanre",0,1,1,0,0,0,0,0,0,0,8
"586",2809,"2809. IFEDORE","Ifedore",0,0,0,0,0,0,0,0,0,0,0
"587",2810,"2810. ILAJE","Ilaje",0,0,0,0,0,0,0,0,0,0,0
"588",2811,"2811. ILE OLUJI OKEIGBO","Ile Oluji Okeigbo",0,0,0,0,0,0,6,1,0,0,3
"589",2812,"2812. IRELE","Irele",0,0,0,0,0,0,0,0,0,0,0
"590",2813,"2813. ODIGBO","Odigbo",0,0,0,0,0,0,0,0,0,0,10
"591",2814,"2814. OKITIPUPA","Okitipupa",6,1,5,0,0,0,6,1,0,0,1
"592",2815,"2815. ONDO EAST","Ondo East",0,0,0,0,0,0,2,0,0,0,8
"593",2816,"2816. ONDO WEST","Ondo West",0,0,0,0,0,0,10,0,0,0,0
"594",2817,"2817. OSE","Ose",0,0,0,0,0,0,0,0,0,0,0
"595",2818,"2818. OWO","Owo",0,0,0,0,0,0,0,0,0,0,0
"596",2901,"2901. AIYEDADE","Aiyedade",0,0,0,0,0,0,0,0,0,0,0
"597",2902,"2902. AIYEDIRE","Aiyedire",0,0,0,0,0,0,0,0,0,0,0
"598",2903,"2903. ATAKUNMOSA EAST","Atakunmosa East",0,0,0,0,0,0,0,0,0,0,0
"599",2904,"2904. BOLUWADURO","Boluwaduro",0,0,0,0,0,0,0,0,0,0,0
"600",2905,"2905. BORIPE","Boripe",0,3,0,0,0,0,2,0,0,0,2
"601",2906,"2906. EDE NORTH","Ede North",0,0,0,0,0,0,0,0,0,0,0
"602",2907,"2907. EDE SOUTH","Ede South",0,0,0,0,0,0,0,0,0,0,0
"603",2908,"2908. EGBEDORE","Egbedore",0,0,0,0,0,0,0,0,0,0,0
"604",2909,"2909. EJIGBO","Ejigbo",0,0,1,0,0,0,2,0,0,0,5
"605",2910,"2910. IFE CENTRAL","Ife Central",0,7,1,0,0,0,2,0,0,0,0
"606",2911,"2911. IFE EAST","Ife East",0,0,0,0,0,0,0,0,0,0,0
"607",2912,"2912. IFE NORTH","Ife North",0,0,0,0,0,0,0,0,0,0,0
"608",2913,"2913. IFE SOUTH","Ife South",0,0,0,0,0,0,0,0,0,0,0
"609",2914,"2914. IFEDAYO","Ifedayo",0,0,0,0,0,0,0,0,0,0,0
"610",2915,"2915. IFELODUN (OSUN)","Ifelodun (Osun)",0,5,0,0,0,0,2,0,0,0,3
"611",2916,"2916. ILA","Ila",0,0,1,0,0,0,0,0,0,0,0
"612",2917,"2917. ILESHA EAST","Ilesha East",0,0,0,0,0,0,0,0,0,0,0
"613",2918,"2918. ILESHA WEST","Ilesha West",0,2,5,0,0,0,1,0,0,0,0
"614",2919,"2919. IREPODUN","Irepodun",0,2,0,0,0,0,0,0,0,0,0
"615",2920,"2920. IREWOLE","Irewole",0,0,0,0,0,0,0,0,0,0,8
"616",2921,"2921. ISOKAN","Isokan",0,0,0,0,0,0,0,0,0,0,0
"617",2922,"2922. IWO","Iwo",0,0,0,0,0,0,0,0,0,0,0
"618",2923,"2923. OBOKUN","Obokun",0,0,0,0,0,0,0,0,0,0,0
"619",2924,"2924. ODO OTIN","Odo Otin",0,0,0,0,0,0,0,0,0,0,0
"620",2925,"2925. OLA OLUWA","Ola Oluwa",0,0,0,0,0,0,0,0,0,0,0
"621",2926,"2926. OLORUNDA","Olorunda",0,0,0,0,0,0,0,0,0,0,0
"622",2927,"2927. ORIADE","Oriade",0,0,0,0,0,0,0,0,0,0,0
"623",2928,"2928. OROLU","Orolu",0,1,2,0,0,0,7,0,0,0,0
"624",2929,"2929. OSHOGBO","Oshogbo",0,0,0,0,0,0,0,0,0,0,0
"625",2930,"2930. ATAKUNMOSA WEST","Atakunmosa West",0,4,8,0,0,0,5,0,0,0,2
"626",3001,"3001. AFIJIO","Afijio",0,0,0,0,0,0,0,0,0,0,0
"627",3002,"3002. AKINYELE","Akinyele",0,8,0,0,0,0,4,0,0,0,3
"628",3003,"3003. ATIBA","Atiba",0,0,0,0,0,0,0,0,0,0,0
"629",3004,"3004. ATISBO","Atisbo",0,0,0,0,0,0,0,0,0,0,0
"630",3005,"3005. EGBEDA","Egbeda",0,12,1,0,0,0,3,0,0,0,1
"631",3006,"3006. IBADAN NORTH","Ibadan North",0,3,2,0,0,1,4,0,0,0,0
"632",3007,"3007. IBADAN NORTH EAST","Ibadan North East",0,1,0,0,0,0,6,0,0,0,0
"633",3008,"3008. IBADAN NORTH WEST","Ibadan North West",0,0,0,0,0,0,0,0,0,0,0
"634",3009,"3009. IBADAN SOUTH EAST","Ibadan South East",0,0,0,0,0,0,0,0,0,0,0
"635",3010,"3010. IBADAN SOUTH WEST","Ibadan South West",0,0,0,0,0,0,0,0,0,0,0
"636",3011,"3011. IBARAPA CENTRAL","Ibarapa Central",0,0,0,0,0,0,0,0,0,0,10
"637",3012,"3012. IBARAPA EAST","Ibarapa East",0,0,0,0,0,0,0,0,0,0,5
"638",3013,"3013. IBARAPA NORTH","Ibarapa North",0,0,0,0,0,0,0,0,0,0,10
"639",3014,"3014. IDO","Ido",0,1,0,0,0,0,0,0,0,0,0
"640",3015,"3015. IREPO","Irepo",0,0,0,0,0,0,0,0,0,0,10
"641",3016,"3016. ISEYIN","Iseyin",0,3,0,0,0,0,0,0,0,0,7
"642",3017,"3017. ITESIWAJU","Itesiwaju",0,0,0,0,0,0,0,0,0,0,0
"643",3018,"3018. IWAJOWA","Iwajowa",0,0,0,0,0,0,0,0,0,0,0
"644",3019,"3019. KAJOLA","Kajola",0,0,0,0,0,0,0,0,0,0,0
"645",3020,"3020. LAGELU","Lagelu",0,7,2,0,0,0,1,0,0,0,1
"646",3021,"3021. OGBOMOSHO NORTH","Ogbomosho North",0,6,0,0,0,0,0,0,0,0,6
"647",3022,"3022. OGBOMOSHO SOUTH","Ogbomosho South",0,0,0,0,0,0,0,0,0,0,0
"648",3023,"3023. OGO OLUWA","Ogo Oluwa",0,0,0,0,0,0,0,0,0,0,8
"649",3024,"3024. OLORUNSOGO","Olorunsogo",0,0,0,0,0,0,0,0,0,0,0
"650",3025,"3025. OLUYOLE","Oluyole",0,0,0,0,0,0,0,0,0,0,0
"651",3026,"3026. ONA  ARA","Ona Ara",0,3,4,0,0,0,3,0,0,0,0
"652",3027,"3027. ORELOPE","Orelope",0,0,0,0,0,0,0,0,0,0,0
"653",3028,"3028. ORIRE","Orire",0,0,0,0,0,0,0,0,0,0,10
"654",3029,"3029. OYO EAST","Oyo East",0,0,0,0,0,0,0,1,0,0,0
"655",3030,"3030. OYO WEST","Oyo West",0,0,0,0,0,0,0,0,0,0,0
"656",3031,"3031. SHAKI EAST","Shaki East",0,0,0,0,0,0,0,0,0,0,0
"657",3032,"3032. SHAKI WEST","Shaki West",0,0,0,0,0,0,0,0,0,0,0
"658",3033,"3033. SURULERE (OYO STATE)","Surulere (Oyo State)",0,0,0,0,0,0,0,0,0,0,0
"659",3101,"3101. BARKIN LADI","Barkin Ladi",0,0,0,0,0,0,0,0,0,0,0
"660",3102,"3102. BASSA (PLATEAU STATE)","Bassa (Plateau State)",0,0,0,0,0,0,1,1,0,0,8
"661",3103,"3103. BOKKOS","Bokkos",0,0,0,0,0,0,0,0,0,0,0
"662",3104,"3104. JOS EAST","Jos East",0,0,0,0,0,0,0,0,0,0,0
"663",3105,"3105. JOS NORTH","Jos North",0,1,0,0,0,0,0,0,0,0,0
"664",3106,"3106. JOS SOUTH","Jos South",0,0,0,0,0,0,0,0,0,0,0
"665",3107,"3107. KANAM","Kanam",0,0,0,0,0,0,0,0,0,0,0
"666",3108,"3108. KANKE","Kanke",0,0,0,0,0,0,0,0,0,0,0
"667",3109,"3109. LANGTANG NORTH","Langtang North",0,0,0,0,0,0,0,0,0,0,10
"668",3110,"3110. LANGTANG SOUTH","Langtang South",0,0,0,0,0,0,0,0,0,0,10
"669",3111,"3111. MANGU","Mangu",3,5,0,0,0,0,2,0,0,0,0
"670",3112,"3112. MIKANG","Mikang",0,0,0,0,0,0,0,0,0,0,10
"671",3113,"3113. PANKSHIN","Pankshin",0,0,0,0,0,0,0,1,0,0,9
"672",3114,"3114. QUA AN","Qua An",0,0,0,0,0,0,0,0,0,0,0
"673",3115,"3115. RIYOM","Riyom",0,0,0,0,0,0,0,0,0,0,0
"674",3116,"3116. SHENDAM","Shendam",0,0,0,0,0,0,0,0,0,0,10
"675",3117,"3117. WASE","Wase",0,0,0,0,0,0,0,0,0,0,10
"676",3201,"3201. ABUA ODUA","Abua Odua",0,0,0,0,0,0,0,0,0,0,0
"677",3202,"3202. AHOADA EAST","Ahoada East",0,0,0,0,0,0,0,0,0,0,0
"678",3203,"3203. AHOADA WEST","Ahoada West",0,2,2,0,0,0,0,0,0,3,3
"679",3204,"3204. AKUKU TORO","Akuku Toro",0,0,0,0,0,0,0,0,0,0,0
"680",3205,"3205. ANDONI","Andoni",0,1,0,0,0,0,0,0,0,9,0
"681",3206,"3206. ASARI TORO","Asari Toro",5,1,0,0,0,0,0,0,0,22,0
"682",3207,"3207. BONNY","Bonny",0,0,0,0,0,0,0,0,0,0,0
"683",3208,"3208. DEGEMA","Degema",0,0,0,0,0,0,0,0,0,0,0
"684",3209,"3209. ELEME","Eleme",0,0,0,0,0,0,0,0,0,0,0
"685",3210,"3210. EMUOHA","Emuoha",0,0,0,0,0,0,0,0,0,0,0
"686",3211,"3211. ETCHE","Etche",0,0,0,0,0,0,0,0,0,0,0
"687",3212,"3212. GOKANA","Gokana",1,3,0,0,0,0,1,0,0,0,5
"688",3213,"3213. IKWERRE","Ikwerre",7,14,6,0,0,0,2,0,0,0,0
"689",3214,"3214. KHANA","Khana",0,0,0,0,0,0,0,0,0,0,0
"690",3215,"3215. OBIO AKPOR","Obio Akpor",3,7,0,0,0,0,0,0,0,0,0
"691",3216,"3216. OGBA EGBEMA NDOR","Ogba Egbema Ndor",0,0,0,0,0,0,0,0,0,0,0
"692",3217,"3217. OGU BOLO","Ogu Bolo",0,0,0,0,0,0,0,0,0,0,0
"693",3218,"3218. OKIRIKA","Okirika",0,0,0,0,0,0,0,0,0,0,0
"694",3219,"3219. OMUMMA","Omumma",0,0,0,0,0,0,0,0,0,0,0
"695",3220,"3220. OPOBO NKORO","Opobo Nkoro",0,0,0,0,0,0,0,0,0,0,0
"696",3221,"3221. OYIGBO","Oyigbo",0,0,0,0,0,0,0,0,0,0,0
"697",3222,"3222. PORT HARCOURT","Port Harcourt",0,0,0,0,0,0,0,0,0,0,0
"698",3223,"3223. TAI","Tai",0,1,1,0,0,0,0,0,0,0,8
"699",3301,"3301. BINJI","Binji",0,0,0,0,0,0,0,0,0,0,0
"700",3302,"3302. BODINGA","Bodinga",0,0,0,0,0,0,4,5,0,0,1
"701",3303,"3303. DANGE SHUNI","Dange Shuni",0,0,0,0,0,0,0,0,0,0,0
"702",3304,"3304. GADA","Gada",0,0,0,0,0,0,1,2,0,0,7
"703",3305,"3305. GORONYO","Goronyo",0,0,0,0,0,0,0,1,0,0,9
"704",3306,"3306. GUDU","Gudu",0,0,0,0,0,0,0,0,0,0,0
"705",3307,"3307. GWADABAWA","Gwadabawa",0,0,0,0,0,0,0,0,0,0,0
"706",3308,"3308. ILELA","Ilela",0,0,0,0,0,0,0,0,0,0,0
"707",3309,"3309. ISA","Isa",0,0,0,0,0,0,0,0,0,0,0
"708",3310,"3310. KEBBE","Kebbe",0,0,0,0,0,0,0,0,0,0,0
"709",3311,"3311. KWARE","Kware",0,0,0,0,0,0,0,0,0,0,0
"710",3312,"3312. RABAH","Rabah",0,0,0,0,0,0,0,0,0,0,0
"711",3313,"3313. SABON BIRNI","Sabon Birni",0,0,0,0,0,0,5,5,0,0,0
"712",3314,"3314. SHAGARI","Shagari",0,0,0,0,0,0,0,0,0,0,0
"713",3315,"3315. SILAME","Silame",0,0,0,0,0,0,0,0,0,0,0
"714",3316,"3316. SOKOTO NORTH","Sokoto North",0,0,0,0,0,0,0,0,0,0,0
"715",3317,"3317. SOKOTO SOUTH","Sokoto South",0,0,0,0,0,0,0,0,0,0,0
"716",3318,"3318. JAMBUWAL","Jambuwal",0,0,0,0,0,0,0,1,0,0,9
"717",3319,"3319. TANGAZA","Tangaza",0,0,0,0,0,0,0,0,0,0,0
"718",3320,"3320. TURETA","Tureta",0,0,0,0,0,0,0,0,0,0,0
"719",3321,"3321. WAMAKKO","Wamakko",0,0,0,0,0,0,5,5,0,0,0
"720",3322,"3322. WURNO","Wurno",0,0,0,0,0,0,0,0,0,0,0
"721",3323,"3323. YABO","Yabo",0,0,0,0,0,0,8,1,0,0,1
"722",3401,"3401. ARDO KOLA","Ardo Kola",0,0,0,0,0,0,6,5,0,0,0
"723",3402,"3402. BALI","Bali",0,0,0,0,0,0,0,4,0,0,16
"724",3403,"3403. DONGA","Donga",0,0,0,0,0,0,0,0,0,0,0
"725",3404,"3404. GASHAKA","Gashaka",0,0,0,0,0,0,0,0,0,0,0
"726",3405,"3405. GASSOL","Gassol",0,0,0,0,0,0,1,1,0,0,7
"727",3406,"3406. IBI","Ibi",0,0,4,0,0,0,6,0,0,0,0
"728",3407,"3407. JALINGO","Jalingo",0,0,0,0,0,0,1,0,0,0,10
"729",3408,"3408. KARIM LAM","Karim Lam",0,0,2,0,0,0,4,4,0,0,0
"730",3409,"3409. KURMI","Kurmi",0,0,0,0,0,0,0,3,0,0,6
"731",3410,"3410. LAU","Lau",0,0,0,0,0,0,0,0,0,0,0
"732",3411,"3411. SADUANA","Saduana",0,0,0,0,0,0,7,3,0,0,0
"733",3412,"3412. TAKUM","Takum",0,0,0,0,0,0,0,1,0,0,8
"734",3413,"3413. USSA","Ussa",0,0,0,0,0,0,0,0,0,0,0
"735",3414,"3414. WUKARI","Wukari",0,0,0,0,0,0,0,0,0,0,0
"736",3415,"3415. YORRO","Yorro",0,0,0,0,0,0,0,0,0,0,0
"737",3416,"3416. ZING","Zing",0,0,0,0,0,0,0,1,0,0,9
"738",3501,"3501. BARDE","Barde",0,0,0,0,0,0,0,0,0,0,0
"739",3502,"3502. BURSARI","Bursari",0,0,0,0,0,0,0,0,0,0,0
"740",3503,"3503. DAMATURU","Damaturu",0,0,0,0,0,0,0,0,0,0,0
"741",3504,"3504. FIKA","Fika",0,0,0,0,0,0,0,0,0,0,0
"742",3505,"3505. FUNE","Fune",0,0,0,0,0,0,5,4,0,0,1
"743",3506,"3506. GEIDAM","Geidam",0,0,0,0,0,0,2,6,0,0,2
"744",3507,"3507. GUJBA","Gujba",0,0,0,0,0,0,5,5,0,0,0
"745",3508,"3508. GULANI","Gulani",0,0,0,0,0,0,0,0,0,0,0
"746",3509,"3509. JAKUSKO","Jakusko",0,0,0,0,0,0,0,0,0,0,0
"747",3510,"3510. KARASUWA","Karasuwa",0,0,0,0,0,0,0,0,0,0,10
"748",3511,"3511. MACHINA","Machina",0,0,0,0,0,0,0,0,0,0,0
"749",3512,"3512. NANGERE","Nangere",0,0,0,0,0,0,5,5,0,0,0
"750",3513,"3513. NGURU","Nguru",0,0,0,0,0,0,4,6,0,0,0
"751",3514,"3514. POTISKUM","Potiskum",0,0,0,0,0,0,7,3,0,0,0
"752",3515,"3515. TARMUWA","Tarmuwa",0,0,0,0,0,0,0,0,0,0,0
"753",3516,"3516. YUNUSARI","Yunusari",0,0,0,0,0,0,0,0,0,0,0
"754",3517,"3517. YUSFARI","Yusfari",0,0,0,0,0,0,0,0,0,0,0
"755",3601,"3601. ANKA","Anka",0,0,0,0,0,0,0,0,0,0,0
"756",3602,"3602. BAKURA","Bakura",0,0,0,0,0,0,0,0,0,0,0
"757",3603,"3603. BIRNIN MAGAJI","Birnin Magaji",0,0,0,0,0,0,0,0,0,0,0
"758",3604,"3604. BUKKUYUM","Bukkuyum",0,0,0,0,0,0,0,0,0,0,0
"759",3605,"3605. BUNGUDU","Bungudu",0,0,0,0,0,0,0,0,0,0,0
"760",3606,"3606. GUMMI","Gummi",0,0,0,0,0,0,7,3,0,0,0
"761",3607,"3607. GUSAU","Gusau",0,0,0,0,0,0,0,0,0,0,0
"762",3608,"3608. KAURA NAMODA","Kaura Namoda",0,0,1,0,0,0,16,3,0,0,0
"763",3609,"3609. MARADDUN","Maraddun",0,0,0,0,0,0,0,0,0,0,0
"764",3610,"3610. MARU","Maru",0,0,0,0,0,0,12,8,0,0,0
"765",3611,"3611. SHINKAFI","Shinkafi",0,0,3,0,0,1,4,2,0,0,0
"766",3612,"3612. TALATA MAFARA","Talata Mafara",0,0,0,0,0,0,0,0,0,0,0
"767",3613,"3613. TSAFE","Tsafe",0,0,0,0,0,0,13,7,0,0,0
"768",3614,"3614. ZURMI","Zurmi",0,0,0,0,0,0,0,0,0,0,0
"769",3701,"3701. ABAJI","Abaji",0,3,3,0,0,1,1,2,0,0,0
"770",3702,"3702. BWARI","Bwari",0,22,2,0,0,0,1,0,0,0,0
"771",3703,"3703. GWAGWALADA","Gwagwalada",0,3,6,0,0,0,2,9,0,0,0
"772",3704,"3704. KUJE","Kuje",0,0,0,0,0,0,0,3,0,0,7
"773",3705,"3705. KWALI","Kwali",0,0,0,0,0,0,1,5,0,0,14
"774",3706,"3706. ABUJA MUNICIPAL","Abuja Municipal",15,21,0,0,0,1,1,2,0,0,0
